{"causal": 0.0, "isolate": 0.9984235417761429, "disentangle": 0.49921177088807145}